{"train_losses": [0.748652105791527, 0.7099392414093018, 0.7052881864079258, 0.7005768836590281, 0.6965281398672807, 0.6960962017377218, 0.6972786857370745, 0.6980696268248976, 0.6947396355762816, 0.6931973591185453, 0.6943756279192472, 0.6936793850179304, 0.694351968012358, 0.6942361520047773, 0.6944187555396766, 0.6937263681177508, 0.6934078806325009, 0.6928889186758744, 0.6938000405043886, 0.693311071186735, 0.6928302593398512, 0.6936449115736443, 0.6926716231463248, 0.6936623265868739, 0.6926540753297639, 0.6934598496085719, 0.6923546665593198, 0.6935076420767265, 0.6928916834948355, 0.6931196304789761, 0.692844033241272, 0.6929654635881123, 0.6929719510831331, 0.6938125386572721, 0.6932757120383414, 0.6926216807281762, 0.692426019593289, 0.6921405719037641, 0.6921324029303434, 0.6922761431911535, 0.6918158133824667, 0.6917663760352553, 0.6923011394969204, 0.6926557620366415, 0.6927022871218229, 0.6921361622057463, 0.6926105011973465, 0.6920333724272879, 0.690769472665954, 0.691461816168668, 0.6929960156741896, 0.6921868366107606, 0.6917426858031959, 0.6912542142366108, 0.6912469257388199, 0.6896550906331915, 0.6911304436231914, 0.6912546199664735, 0.6905535522260164, 0.6895771559916044, 0.6900515964156703, 0.6873275135692797, 0.6901200842439082, 0.6900094632516828, 0.6881377812017474, 0.6912978103286341, 0.6880134103590982, 0.6894711935729311, 0.6887526689914235, 0.6867032814444157, 0.6844166402231183, 0.6874845498486569, 0.6892021946739733, 0.6819578681075782, 0.686895581713894, 0.6873139446241814, 0.6868041063609877, 0.6896903274352091, 0.6875010446498269, 0.6866642278537416, 0.6876757761888337, 0.6887784025125336, 0.6836488288745546, 0.6853434861752025, 0.68740272208264, 0.6877699483904922, 0.6854509125676072, 0.6888446305927477, 0.6880502345269186, 0.6831044314200418, 0.6864931123298511, 0.6828404842761525, 0.6902260665307965, 0.6857962765191731, 0.6845690377971583, 0.6830320807925442, 0.6883138104488975, 0.6845771523944119, 0.6841722894133183, 0.6850074330965678], "val_losses": [0.7136407643556595, 0.7326994389295578, 0.6940870136022568, 0.6952400654554367, 0.6931038349866867, 0.6941874474287033, 0.697274461388588, 0.6931212842464447, 0.6939476430416107, 0.6928444802761078, 0.6929115802049637, 0.6950132846832275, 0.6932397782802582, 0.6942656487226486, 0.6928312927484512, 0.6941840499639511, 0.6931033283472061, 0.6976744085550308, 0.6949675977230072, 0.6944948583841324, 0.6954187750816345, 0.693646639585495, 0.6938993632793427, 0.6940058916807175, 0.6929223239421844, 0.6955471038818359, 0.6958760470151901, 0.6945108324289322, 0.6949707716703415, 0.6948299407958984, 0.695495992898941, 0.6952800899744034, 0.6946083158254623, 0.6942808926105499, 0.6962557137012482, 0.694288432598114, 0.6989644169807434, 0.7015325129032135, 0.7072915434837341, 0.7142192125320435, 0.7235706895589828, 0.7218578010797501, 0.713482603430748, 0.7093982994556427, 0.6980324238538742, 0.7132464647293091, 0.7533955872058868, 1.089477762579918, 0.8366220891475677, 0.7766017913818359, 0.7363466769456863, 0.7273513972759247, 0.7234555333852768, 0.8569701164960861, 0.7569504678249359, 0.8580692708492279, 0.8355439752340317, 0.8235286772251129, 0.878090038895607, 0.8886703699827194, 0.8861855268478394, 1.0037103295326233, 0.945148840546608, 0.9887000918388367, 1.1919633001089096, 0.9333554357290268, 1.0818166136741638, 0.9250539392232895, 1.0759991705417633, 1.2155839949846268, 1.1845006048679352, 1.173294186592102, 1.1282036155462265, 1.3036011755466461, 1.279192790389061, 1.0858791917562485, 1.1307586133480072, 1.0700078457593918, 1.1127885282039642, 1.187043085694313, 1.1692383885383606, 1.164841279387474, 1.1955902874469757, 1.222864031791687, 1.2520469278097153, 1.1748295426368713, 1.1798636764287949, 1.1117753982543945, 1.0778134912252426, 1.0927565842866898, 1.119974970817566, 1.1470704823732376, 1.125691220164299, 1.117134153842926, 1.1465898305177689, 1.1907761096954346, 1.1552612334489822, 1.170853167772293, 1.1837467104196548, 1.203348383307457], "val_accuracies": [0.48046875, 0.48046875, 0.48046875, 0.51953125, 0.484375, 0.48046875, 0.48046875, 0.50390625, 0.48046875, 0.51953125, 0.51953125, 0.51953125, 0.48046875, 0.48046875, 0.51953125, 0.48046875, 0.5, 0.48046875, 0.48046875, 0.48046875, 0.48046875, 0.48046875, 0.48046875, 0.48046875, 0.5078125, 0.48046875, 0.48046875, 0.48046875, 0.48046875, 0.48046875, 0.48046875, 0.48046875, 0.48046875, 0.48046875, 0.48046875, 0.48046875, 0.48046875, 0.48046875, 0.48046875, 0.48046875, 0.48046875, 0.48046875, 0.48046875, 0.48046875, 0.48046875, 0.48046875, 0.48046875, 0.48046875, 0.48046875, 0.48046875, 0.48046875, 0.48046875, 0.48046875, 0.48046875, 0.48046875, 0.48046875, 0.48046875, 0.48046875, 0.48046875, 0.48046875, 0.48046875, 0.48046875, 0.48046875, 0.48046875, 0.48046875, 0.48046875, 0.48046875, 0.48046875, 0.48046875, 0.48046875, 0.48046875, 0.48046875, 0.48046875, 0.48046875, 0.48046875, 0.48046875, 0.48046875, 0.48046875, 0.48046875, 0.48046875, 0.48046875, 0.48046875, 0.48046875, 0.48046875, 0.48046875, 0.48046875, 0.48046875, 0.48046875, 0.48046875, 0.48046875, 0.48046875, 0.48046875, 0.48046875, 0.48046875, 0.48046875, 0.48046875, 0.48046875, 0.48046875, 0.48046875, 0.48046875], "best_val_acc": 0.51953125}