{"train_losses": [0.7118863266542417, 0.698317971798258, 0.6974306872131628, 0.6961709047676227, 0.6941362296769379, 0.6950236843266618, 0.6940533699245628, 0.6940124346575606, 0.6944471460963608, 0.6944679738184728, 0.6936428399260984, 0.6930714479280174, 0.6941339012679704, 0.6937075240896382, 0.6932965823269766, 0.6922804773400683, 0.693636570501765, 0.693104471635381, 0.6933872251335634, 0.6936473113681199, 0.6934049845835485, 0.6937043245779265, 0.6916491099453848, 0.6931017713809232, 0.6919474098660531, 0.6929771271320658, 0.692824656263404, 0.6943572513554075, 0.6918752412183569, 0.693051984550756, 0.6924008672390509, 0.6920325318607715, 0.6929465357316743, 0.693284642805747, 0.6934584783851554, 0.6928829665577739, 0.6933268904685974, 0.6920690749763349, 0.6918077966488829, 0.6915149180167312, 0.6928934504132752, 0.6927239533958085, 0.6924475890780808, 0.6929040173871801, 0.6918532301526551, 0.6915846275627067, 0.6913405716966051, 0.6917292475700378, 0.6926427002346843, 0.6902378485837114, 0.6917624123599551, 0.6924776363810268], "val_losses": [0.7046581308046976, 0.6934009393056234, 0.6991338928540548, 0.6939189632733663, 0.6950615445772806, 0.693632702032725, 0.6964870889981588, 0.6996567845344543, 0.6931792894999186, 0.6936518748601278, 0.6937187314033508, 0.6933284401893616, 0.6970395843187968, 0.7017635504404703, 0.693165123462677, 0.6942687829335531, 0.6948480804761251, 0.6940159996350607, 0.6966149608294169, 0.6942611932754517, 0.6950258413950602, 0.6934486826260885, 0.6980928182601929, 0.696326732635498, 0.6948100129763285, 0.6955054601033529, 0.6938824852307638, 0.6945345600446066, 0.6981401642163595, 0.6941306591033936, 0.6956395705540975, 0.7014970779418945, 0.6952296495437622, 0.6935813228289286, 0.6936914126078287, 0.6947124600410461, 0.6936639547348022, 0.6935918927192688, 0.6938618818918864, 0.6940354506174723, 0.6961993376413981, 0.6948683659235636, 0.6946222980817159, 0.6940136551856995, 0.694172223409017, 0.6937428116798401, 0.6952347954114279, 0.6934734582901001, 0.693877379099528, 0.6951488057772318, 0.693829357624054, 0.6934824387232462], "val_accuracies": [0.4772727272727273, 0.4772727272727273, 0.4772727272727273, 0.5227272727272727, 0.4772727272727273, 0.4772727272727273, 0.4772727272727273, 0.4772727272727273, 0.4772727272727273, 0.4772727272727273, 0.4772727272727273, 0.5227272727272727, 0.5227272727272727, 0.4772727272727273, 0.5113636363636364, 0.4772727272727273, 0.4772727272727273, 0.4772727272727273, 0.4772727272727273, 0.4772727272727273, 0.4772727272727273, 0.48863636363636365, 0.4772727272727273, 0.4772727272727273, 0.4772727272727273, 0.4772727272727273, 0.48863636363636365, 0.4772727272727273, 0.4772727272727273, 0.4772727272727273, 0.4772727272727273, 0.4772727272727273, 0.4772727272727273, 0.4659090909090909, 0.4772727272727273, 0.4772727272727273, 0.4772727272727273, 0.4659090909090909, 0.48863636363636365, 0.48863636363636365, 0.4772727272727273, 0.4772727272727273, 0.4772727272727273, 0.4772727272727273, 0.4772727272727273, 0.5, 0.4772727272727273, 0.4659090909090909, 0.48863636363636365, 0.4772727272727273, 0.5, 0.45454545454545453], "best_val_acc": 0.5227272727272727}