{
  "accuracy": 0.5104166666666666,
  "precision": 0.2605251736111111,
  "recall": 0.5104166666666666,
  "f1": 0.34497126436781606,
  "auc": 0.48252279635258355,
  "precision_per_class": [
    0.0,
    0.5104166666666666
  ],
  "recall_per_class": [
    0.0,
    1.0
  ],
  "f1_per_class": [
    0.0,
    0.6758620689655173
  ],
  "confusion_matrix": [
    [
      0,
      188
    ],
    [
      0,
      196
    ]
  ]
}