MSE,RMSE,MAE,R2,MAPE
0.013120441697537899,0.11454449658337104,0.08309401571750641,0.9884969592094421,74.78464841842651
